Rank,Name,Platform,Year,Genre,Publisher,NA_Sales,EU_Sales,JP_Sales,Other_Sales,Global_Sales
1,Halo Warfare 286,Wii,1993,Fighting,Ubisoft,4.68,0.53,0.72,0.05,5.98
2,Super Adventure 131,XB,1993,Misc,Sony Computer Entertainment,4.95,0.13,0.57,0.01,5.66
3,The Legend of Quest 410,DS,1992,Racing,Bandai Namco Entertainment,4.49,0.69,0.35,0.05,5.58
4,Mario Adventure 425,XB,2007,Misc,Capcom,3.52,1.09,0.27,0.12,5.0
5,World of Fantasy 161,XOne,2004,Platform,Activision,2.32,2.2,0.23,0.13,4.88
6,The Legend of Quest 181,XB,1998,Platform,Sega,4.22,0.04,0.47,0.0,4.73
7,Call of Warfare 89,PS,2008,Platform,Sega,2.31,1.56,0.71,0.09,4.67
8,World of Combat 165,PS4,1996,Misc,Ubisoft,3.78,0.28,0.52,0.04,4.62
9,The Legend of Combat 9,XB,2014,Action,Nintendo,3.33,0.34,0.25,0.62,4.54
10,World of Adventure 88,PS,1984,Platform,Bandai Namco Entertainment,3.52,0.63,0.02,0.32,4.49
11,Halo Combat 168,DS,2004,Platform,Nintendo,0.84,2.37,1.0,0.24,4.45
12,Mario Kart 41,Wii,2002,Action,Electronic Arts,0.27,3.72,0.25,0.15,4.39
13,Super Fantasy 447,XOne,2002,Fighting,Activision,2.84,0.85,0.32,0.34,4.35
14,Final Legacy 248,X360,2016,Shooter,Sega,3.18,1.05,0.02,0.08,4.33
15,Super Quest 151,XB,2003,Fighting,Electronic Arts,3.52,0.12,0.64,0.04,4.32
16,The Legend of Combat 305,PS2,2009,Platform,Capcom,3.31,0.84,0.11,0.04,4.3
17,Grand Kart 459,PS,2011,Shooter,Bandai Namco Entertainment,2.79,0.51,0.75,0.03,4.08
18,Super Adventure 401,PS4,1986,Platform,Ubisoft,2.98,0.52,0.52,0.06,4.08
19,Halo Quest 465,DS,2010,Racing,Bandai Namco Entertainment,2.8,0.65,0.37,0.25,4.07
20,Final Kart 277,XB,1984,Fighting,Bandai Namco Entertainment,1.14,1.69,1.13,0.11,4.07
21,Halo Legacy 262,DS,2013,Fighting,Activision,2.21,0.99,0.84,0.0,4.04
22,The Legend of Fantasy 492,PS2,2013,Fighting,Take-Two Interactive,2.21,0.64,1.0,0.16,4.01
23,Grand Legacy 121,XOne,1997,Racing,Bandai Namco Entertainment,1.74,1.65,0.59,0.01,3.99
24,The Legend of Combat 354,X360,1983,Platform,Take-Two Interactive,3.45,0.29,0.21,0.03,3.98
25,Halo Adventure 48,XOne,2000,Racing,Capcom,2.21,0.67,0.53,0.5,3.91
26,Mario Kart 411,PS4,2009,Shooter,Capcom,2.94,0.84,0.04,0.08,3.9
27,Super Kart 138,PS,1996,Shooter,Sega,3.31,0.14,0.22,0.18,3.85
28,The Legend of Fantasy 295,Wii,1981,Sports,Ubisoft,0.85,2.06,0.62,0.28,3.81
29,World of Warfare 331,DS,1981,Racing,Ubisoft,0.93,1.86,0.63,0.37,3.79
30,Mario Quest 483,NES,1981,Platform,Ubisoft,1.49,1.59,0.14,0.54,3.76
31,World of Warfare 130,PC,2013,Fighting,Sony Computer Entertainment,1.28,1.08,0.87,0.44,3.67
32,The Legend of Warfare 167,PS2,2005,Role-Playing,Sony Computer Entertainment,2.29,0.59,0.45,0.26,3.59
33,World of Legacy 73,PS3,1993,Racing,Bandai Namco Entertainment,1.99,0.48,0.94,0.13,3.54
34,Final Adventure 242,3DS,1989,Fighting,Sega,1.36,0.95,1.16,0.05,3.52
35,Final Kart 274,PS3,2014,Racing,Capcom,2.78,0.07,0.6,0.06,3.51
36,Final Adventure 441,NES,1986,Racing,Activision,1.06,2.09,0.26,0.09,3.5
37,Mario Legacy 315,DS,1981,Sports,Ubisoft,2.76,0.23,0.02,0.49,3.5
38,Mario Kart 466,PC,1997,Sports,Capcom,0.48,2.4,0.35,0.27,3.5
39,Mario Combat 421,DS,1997,Sports,Electronic Arts,1.09,1.43,0.85,0.13,3.5
40,Super Kart 215,PS3,1981,Racing,Activision,0.52,2.45,0.06,0.45,3.48
41,Grand Adventure 378,XOne,2005,Platform,Electronic Arts,2.2,0.67,0.25,0.36,3.48
42,World of Combat 489,Wii,2016,Platform,Electronic Arts,0.25,2.8,0.2,0.2,3.45
43,World of Quest 200,DS,1982,Fighting,Sega,1.33,1.58,0.16,0.36,3.43
44,Mario Combat 304,3DS,2012,Role-Playing,Sega,0.26,2.86,0.27,0.04,3.43
45,The Legend of Fantasy 127,PC,1984,Sports,Sony Computer Entertainment,1.66,1.51,0.18,0.06,3.41
46,Mario Adventure 129,PS,2005,Platform,Nintendo,2.24,0.86,0.05,0.25,3.4
47,World of Legacy 156,PS,1982,Sports,Ubisoft,2.4,0.4,0.44,0.16,3.4
48,World of Kart 104,NES,1995,Fighting,Ubisoft,1.49,0.18,1.19,0.47,3.33
49,The Legend of Quest 433,X360,1989,Fighting,Take-Two Interactive,1.85,0.7,0.7,0.04,3.29
50,Grand Fantasy 388,PS,2006,Racing,Activision,1.8,0.72,0.62,0.15,3.29
51,Final Duty 313,PS2,1983,Action,Capcom,1.6,0.3,0.67,0.71,3.28
52,Super Combat 273,PS2,2009,Fighting,Capcom,2.9,0.01,0.19,0.17,3.27
53,World of Fantasy 325,PS,2008,Fighting,Activision,2.03,0.71,0.27,0.25,3.26
54,Super Combat 75,PS4,1990,Sports,Sony Computer Entertainment,2.4,0.24,0.02,0.59,3.25
55,Halo Adventure 25,PS4,2004,Misc,Bandai Namco Entertainment,1.66,1.45,0.12,0.01,3.24
56,World of Legacy 178,XB,2001,Sports,Bandai Namco Entertainment,2.78,0.2,0.23,0.01,3.22
57,Grand Legacy 275,PS4,2000,Role-Playing,Nintendo,1.11,1.65,0.24,0.22,3.22
58,World of Duty 260,PS3,1990,Platform,Sega,2.15,0.86,0.11,0.07,3.19
59,Final Kart 297,PS,1985,Role-Playing,Nintendo,2.41,0.08,0.36,0.34,3.19
60,Grand Kart 99,PS3,1985,Role-Playing,Sega,2.07,0.22,0.83,0.05,3.17
61,Halo Duty 14,DS,1981,Misc,Capcom,1.97,0.61,0.52,0.06,3.16
62,Grand Combat 320,3DS,1992,Racing,Ubisoft,1.49,0.01,1.62,0.02,3.14
63,Mario Kart 1,3DS,1996,Fighting,Capcom,0.44,2.16,0.47,0.05,3.12
64,Final Duty 382,NES,1990,Racing,Capcom,1.64,0.75,0.15,0.57,3.11
65,World of Adventure 199,Wii,1988,Misc,Take-Two Interactive,1.59,0.41,1.02,0.09,3.11
66,Call of Kart 198,PC,2003,Role-Playing,Activision,2.49,0.03,0.21,0.33,3.06
67,Mario Warfare 43,3DS,2016,Fighting,Sega,1.02,1.89,0.06,0.08,3.05
68,Mario Legacy 106,PS4,1990,Misc,Activision,1.41,0.39,0.32,0.92,3.04
69,Final Quest 317,X360,1984,Role-Playing,Ubisoft,1.62,0.88,0.47,0.07,3.04
70,Mario Combat 101,3DS,1992,Racing,Take-Two Interactive,2.31,0.33,0.16,0.24,3.04
71,Mario Adventure 257,PS,2010,Misc,Sega,2.64,0.21,0.11,0.05,3.01
72,World of Quest 404,3DS,1999,Misc,Sony Computer Entertainment,1.25,1.73,0.0,0.02,3.0
73,The Legend of Duty 292,DS,2004,Racing,Ubisoft,0.2,2.64,0.11,0.05,3.0
74,Grand Quest 437,PS,2012,Role-Playing,Ubisoft,1.95,0.75,0.0,0.3,3.0
75,Super Combat 222,PS3,2005,Platform,Activision,1.69,0.7,0.52,0.07,2.98
76,Grand Legacy 430,XOne,2008,Shooter,Sega,1.03,0.94,0.62,0.38,2.97
77,Final Warfare 100,PC,1981,Role-Playing,Bandai Namco Entertainment,2.83,0.05,0.02,0.07,2.97
78,Final Combat 193,DS,1983,Racing,Take-Two Interactive,0.08,2.57,0.17,0.07,2.89
79,The Legend of Adventure 241,XB,2002,Sports,Sega,0.14,2.42,0.19,0.14,2.89
80,Halo Adventure 226,NES,2012,Fighting,Nintendo,1.62,0.62,0.53,0.09,2.86
81,Call of Fantasy 30,XB,2013,Shooter,Capcom,1.97,0.42,0.4,0.06,2.85
82,Mario Adventure 160,XOne,1994,Racing,Sega,1.69,0.34,0.72,0.09,2.84
83,Grand Legacy 263,PS4,1991,Role-Playing,Nintendo,0.93,1.28,0.61,0.02,2.84
84,World of Legacy 24,PS,2005,Role-Playing,Ubisoft,1.84,0.91,0.05,0.03,2.83
85,World of Kart 392,PS2,1986,Platform,Sega,0.83,1.72,0.04,0.22,2.81
86,Final Fantasy 4,XOne,1999,Action,Ubisoft,0.62,1.52,0.2,0.47,2.81
87,Super Kart 407,XOne,1986,Misc,Take-Two Interactive,0.65,1.96,0.09,0.1,2.8
88,Super Adventure 216,PS4,1994,Action,Sega,0.72,1.31,0.59,0.18,2.8
89,Grand Duty 211,NES,1983,Fighting,Activision,0.92,1.31,0.38,0.19,2.8
90,World of Combat 197,PS2,2010,Sports,Ubisoft,1.76,0.31,0.49,0.23,2.79
91,Mario Duty 349,PS2,1997,Shooter,Take-Two Interactive,1.21,1.11,0.2,0.25,2.77
92,Super Warfare 180,NES,1987,Platform,Sega,2.1,0.22,0.36,0.06,2.74
93,Grand Combat 187,3DS,2016,Role-Playing,Nintendo,1.35,1.06,0.05,0.27,2.73
94,Halo Duty 184,PS4,2005,Fighting,Activision,1.14,0.81,0.71,0.05,2.71
95,Halo Quest 232,3DS,2016,Role-Playing,Capcom,1.12,1.38,0.08,0.08,2.66
96,Grand Kart 496,PS,1996,Role-Playing,Activision,2.17,0.27,0.15,0.05,2.64
97,Grand Duty 290,NES,1994,Platform,Sony Computer Entertainment,1.27,0.31,0.99,0.07,2.64
98,Halo Warfare 92,XB,1996,Sports,Ubisoft,2.07,0.0,0.16,0.39,2.62
99,Grand Legacy 94,XB,1996,Platform,Activision,0.67,1.14,0.69,0.1,2.6
100,The Legend of Duty 307,3DS,2015,Role-Playing,Sega,1.8,0.18,0.41,0.21,2.6
101,Grand Kart 49,NES,1993,Action,Ubisoft,1.06,1.05,0.1,0.36,2.57
102,Mario Adventure 225,DS,1999,Platform,Take-Two Interactive,1.52,0.76,0.2,0.09,2.57
103,Halo Kart 449,XOne,2016,Racing,Take-Two Interactive,1.54,0.35,0.35,0.33,2.57
104,Call of Legacy 194,PS2,2009,Racing,Take-Two Interactive,1.68,0.54,0.29,0.05,2.56
105,Final Quest 32,PS,1980,Fighting,Sega,0.39,1.34,0.81,0.02,2.56
106,Final Legacy 399,XB,2007,Misc,Sony Computer Entertainment,1.64,0.48,0.28,0.15,2.55
107,Grand Kart 348,XB,1992,Platform,Take-Two Interactive,1.57,0.77,0.15,0.05,2.54
108,World of Combat 358,PS2,2007,Shooter,Take-Two Interactive,0.97,1.16,0.13,0.28,2.54
109,Grand Warfare 258,NES,1984,Racing,Activision,0.33,1.86,0.07,0.27,2.53
110,The Legend of Adventure 300,PS4,1986,Role-Playing,Electronic Arts,2.3,0.05,0.08,0.09,2.52
111,World of Fantasy 472,PC,2000,Action,Electronic Arts,1.41,0.66,0.13,0.31,2.51
112,Mario Duty 79,PS,2009,Sports,Take-Two Interactive,1.65,0.01,0.71,0.13,2.5
113,Call of Legacy 31,X360,2014,Sports,Sega,0.43,0.02,1.92,0.13,2.5
114,The Legend of Fantasy 338,PS,1984,Misc,Capcom,1.28,0.93,0.28,0.0,2.49
115,Super Adventure 444,XB,1980,Racing,Sony Computer Entertainment,1.92,0.09,0.25,0.21,2.47
116,Super Adventure 139,XB,2005,Platform,Sega,1.17,0.76,0.49,0.01,2.43
117,World of Legacy 84,3DS,2003,Action,Electronic Arts,1.51,0.38,0.45,0.09,2.43
118,Super Warfare 20,3DS,1997,Role-Playing,Sony Computer Entertainment,1.42,0.29,0.37,0.27,2.35
119,Final Combat 217,PS3,1990,Misc,Take-Two Interactive,1.39,0.39,0.51,0.05,2.34
120,Grand Duty 377,PS,1989,Role-Playing,Electronic Arts,0.03,1.57,0.49,0.24,2.33
121,Call of Fantasy 419,PS,1995,Misc,Activision,1.62,0.29,0.03,0.38,2.32
122,World of Fantasy 8,X360,1992,Shooter,Capcom,1.44,0.36,0.25,0.26,2.31
123,Mario Fantasy 428,PS3,1980,Racing,Ubisoft,0.69,0.85,0.73,0.04,2.31
124,Grand Combat 351,3DS,2012,Action,Sega,0.52,0.77,0.9,0.12,2.31
125,Mario Adventure 95,3DS,1999,Role-Playing,Bandai Namco Entertainment,1.98,0.14,0.01,0.17,2.3
126,The Legend of Adventure 458,X360,1993,Racing,Activision,0.4,1.03,0.58,0.29,2.3
127,World of Fantasy 213,PS4,1985,Fighting,Nintendo,1.52,0.25,0.02,0.51,2.3
128,World of Quest 234,PS2,2015,Misc,Activision,1.7,0.18,0.13,0.28,2.29
129,Call of Kart 237,PS3,2012,Misc,Nintendo,1.4,0.46,0.32,0.1,2.28
130,Halo Warfare 485,PS,2002,Misc,Take-Two Interactive,0.7,0.2,1.33,0.05,2.28
131,Halo Combat 136,PS,2001,Action,Nintendo,0.79,1.15,0.24,0.1,2.28
132,World of Kart 201,X360,2010,Action,Bandai Namco Entertainment,0.85,0.1,1.24,0.07,2.26
133,Final Warfare 427,X360,1983,Platform,Capcom,1.61,0.17,0.3,0.16,2.24
134,Mario Legacy 282,NES,2004,Platform,Sony Computer Entertainment,1.18,0.06,0.75,0.25,2.24
135,Halo Legacy 452,PS2,2007,Shooter,Activision,1.64,0.39,0.1,0.1,2.23
136,Super Legacy 319,PS4,2012,Role-Playing,Take-Two Interactive,1.18,0.73,0.26,0.03,2.2
137,The Legend of Quest 431,X360,1982,Sports,Sony Computer Entertainment,0.53,1.26,0.39,0.02,2.2
138,The Legend of Fantasy 103,DS,2002,Fighting,Sega,1.58,0.17,0.39,0.04,2.18
139,Super Legacy 97,Wii,1984,Platform,Sony Computer Entertainment,0.96,0.03,0.99,0.18,2.16
140,Halo Adventure 321,Wii,2010,Role-Playing,Bandai Namco Entertainment,1.15,0.27,0.58,0.15,2.15
141,Halo Warfare 294,PS4,2012,Role-Playing,Bandai Namco Entertainment,0.91,0.59,0.1,0.55,2.15
142,Grand Duty 36,PS4,1996,Action,Sony Computer Entertainment,1.07,0.54,0.46,0.08,2.15
143,The Legend of Duty 17,PS2,1984,Action,Electronic Arts,0.26,1.75,0.02,0.12,2.15
144,Super Kart 240,DS,1984,Misc,Nintendo,1.09,0.34,0.55,0.17,2.15
145,World of Combat 137,X360,2009,Shooter,Nintendo,1.66,0.22,0.02,0.24,2.14
146,Super Fantasy 363,PS2,2001,Sports,Ubisoft,0.07,0.51,1.07,0.49,2.14
147,The Legend of Fantasy 66,PS,2009,Shooter,Electronic Arts,1.37,0.3,0.39,0.07,2.13
148,The Legend of Duty 381,PS2,2005,Sports,Bandai Namco Entertainment,0.99,0.22,0.81,0.11,2.13
149,Super Combat 266,X360,1980,Sports,Ubisoft,0.99,0.72,0.33,0.08,2.12
150,Super Warfare 391,XB,2004,Role-Playing,Activision,0.48,0.04,1.48,0.12,2.12
151,Final Kart 235,PS4,1992,Racing,Sega,1.64,0.25,0.18,0.04,2.11
152,Grand Combat 179,PC,2013,Shooter,Bandai Namco Entertainment,1.72,0.13,0.05,0.21,2.11
153,Super Fantasy 333,NES,2010,Shooter,Electronic Arts,0.18,1.6,0.22,0.1,2.1
154,Call of Kart 244,PS3,1992,Misc,Sony Computer Entertainment,0.57,1.33,0.04,0.16,2.1
155,The Legend of Fantasy 420,DS,1998,Fighting,Take-Two Interactive,1.04,0.47,0.13,0.45,2.09
156,Final Legacy 2,X360,1988,Fighting,Bandai Namco Entertainment,0.02,1.68,0.03,0.35,2.08
157,The Legend of Quest 19,PS,1980,Action,Sega,0.84,0.56,0.46,0.22,2.08
158,Call of Quest 202,X360,2016,Shooter,Nintendo,0.64,0.59,0.33,0.5,2.06
159,Call of Kart 476,X360,2008,Misc,Capcom,0.98,0.77,0.3,0.01,2.06
160,Call of Kart 249,PS4,1988,Platform,Capcom,0.8,1.01,0.06,0.19,2.06
161,Mario Kart 58,PS4,2010,Misc,Bandai Namco Entertainment,1.18,0.06,0.49,0.31,2.04
162,Halo Fantasy 405,Wii,2001,Action,Electronic Arts,0.86,0.8,0.3,0.08,2.04
163,World of Adventure 155,PS4,1986,Misc,Electronic Arts,0.2,0.47,1.26,0.07,2.0
164,Super Quest 481,Wii,1999,Misc,Electronic Arts,0.87,0.68,0.34,0.11,2.0
165,The Legend of Warfare 223,X360,1983,Action,Sony Computer Entertainment,1.28,0.07,0.18,0.47,2.0
166,Grand Warfare 350,DS,2004,Role-Playing,Activision,0.03,1.55,0.32,0.09,1.99
167,Mario Fantasy 251,NES,1988,Sports,Electronic Arts,0.8,0.78,0.08,0.33,1.99
168,Halo Legacy 55,X360,2011,Shooter,Nintendo,0.55,0.8,0.62,0.02,1.99
169,Call of Duty 272,X360,1993,Action,Sony Computer Entertainment,1.64,0.04,0.18,0.11,1.97
170,Super Warfare 125,PS4,1985,Sports,Capcom,1.63,0.02,0.24,0.08,1.97
171,The Legend of Kart 117,Wii,2011,Role-Playing,Activision,0.62,0.62,0.57,0.16,1.97
172,Call of Adventure 224,3DS,1998,Racing,Sony Computer Entertainment,0.86,0.87,0.13,0.1,1.96
173,Mario Duty 312,3DS,2012,Platform,Sega,0.37,1.09,0.27,0.23,1.96
174,Grand Kart 52,3DS,1992,Platform,Sega,0.24,0.55,0.85,0.31,1.95
175,Grand Duty 432,NES,2011,Shooter,Capcom,1.65,0.15,0.04,0.11,1.95
176,Halo Quest 207,3DS,1981,Shooter,Ubisoft,1.03,0.71,0.05,0.15,1.94
177,Call of Duty 133,XB,2006,Action,Take-Two Interactive,1.17,0.47,0.19,0.11,1.94
178,Mario Kart 28,3DS,1992,Role-Playing,Sega,0.87,0.48,0.07,0.51,1.93
179,World of Legacy 486,PS3,1991,Fighting,Capcom,1.62,0.08,0.18,0.05,1.93
180,Mario Combat 394,PS3,2003,Role-Playing,Nintendo,1.05,0.73,0.15,0.0,1.93
181,Super Quest 402,PC,1996,Sports,Sony Computer Entertainment,0.33,0.38,0.93,0.28,1.92
182,Super Fantasy 67,PS3,2009,Role-Playing,Activision,1.29,0.14,0.44,0.05,1.92
183,The Legend of Duty 45,PS,1989,Role-Playing,Capcom,0.67,1.02,0.12,0.1,1.91
184,Grand Duty 318,PS3,1989,Platform,Sega,1.2,0.66,0.01,0.04,1.91
185,Mario Duty 98,PS3,2013,Role-Playing,Capcom,0.28,1.36,0.25,0.02,1.91
186,Call of Adventure 268,PS,2008,Racing,Capcom,0.7,0.35,0.71,0.14,1.9
187,Halo Legacy 412,Wii,2002,Racing,Electronic Arts,0.84,0.53,0.15,0.38,1.9
188,World of Combat 219,XB,2005,Racing,Take-Two Interactive,0.91,0.37,0.37,0.23,1.88
189,Final Adventure 243,X360,1981,Misc,Electronic Arts,1.43,0.12,0.3,0.02,1.87
190,Halo Legacy 142,XB,1987,Racing,Sega,1.07,0.28,0.46,0.05,1.86
191,Mario Warfare 96,X360,2003,Shooter,Take-Two Interactive,0.03,1.31,0.33,0.19,1.86
192,The Legend of Quest 362,PC,1993,Action,Nintendo,0.58,1.13,0.1,0.04,1.85
193,Grand Quest 83,Wii,2012,Action,Activision,0.94,0.43,0.18,0.29,1.84
194,Super Kart 80,PS2,1994,Misc,Activision,1.05,0.21,0.09,0.47,1.82
195,World of Legacy 56,X360,2013,Action,Nintendo,0.73,0.29,0.55,0.24,1.81
196,World of Fantasy 86,X360,2009,Shooter,Capcom,0.54,0.72,0.2,0.34,1.8
197,The Legend of Kart 118,XOne,1998,Racing,Nintendo,1.25,0.06,0.25,0.22,1.78
198,Final Kart 370,X360,2015,Shooter,Capcom,0.94,0.57,0.22,0.05,1.78
199,Final Warfare 383,PS,1981,Action,Capcom,1.0,0.54,0.03,0.21,1.78
200,World of Legacy 175,PS2,1982,Racing,Electronic Arts,1.21,0.04,0.48,0.05,1.78
201,Mario Warfare 135,PC,2005,Fighting,Nintendo,0.52,0.92,0.32,0.01,1.77
202,Call of Warfare 429,PS3,1987,Racing,Take-Two Interactive,0.46,0.99,0.28,0.03,1.76
203,Super Combat 239,NES,1989,Misc,Sega,0.33,1.26,0.13,0.04,1.76
204,World of Warfare 390,PC,2003,Fighting,Sony Computer Entertainment,1.36,0.01,0.36,0.03,1.76
205,Final Warfare 228,X360,1991,Platform,Sony Computer Entertainment,1.45,0.18,0.06,0.07,1.76
206,Call of Kart 359,PC,2010,Shooter,Activision,0.66,0.31,0.19,0.6,1.76
207,The Legend of Combat 186,PS,1985,Fighting,Nintendo,0.13,0.39,1.23,0.01,1.76
208,Final Duty 38,NES,2010,Fighting,Ubisoft,0.74,0.53,0.16,0.32,1.75
209,Mario Fantasy 327,Wii,1984,Role-Playing,Sega,1.27,0.38,0.03,0.07,1.75
210,Call of Legacy 21,DS,2011,Action,Ubisoft,0.18,1.01,0.47,0.09,1.75
211,The Legend of Duty 154,XOne,1993,Role-Playing,Electronic Arts,0.91,0.51,0.18,0.14,1.74
212,Final Combat 150,X360,1993,Role-Playing,Take-Two Interactive,0.01,0.99,0.63,0.1,1.73
213,Final Fantasy 386,XB,2006,Racing,Nintendo,1.35,0.05,0.13,0.19,1.72
214,Final Combat 384,X360,1986,Shooter,Activision,1.29,0.1,0.29,0.03,1.71
215,Call of Fantasy 108,XOne,1987,Sports,Electronic Arts,0.73,0.47,0.25,0.26,1.71
216,Mario Warfare 450,Wii,1982,Platform,Sega,0.54,0.92,0.17,0.08,1.71
217,Grand Quest 190,XOne,2000,Platform,Sega,0.62,0.2,0.67,0.2,1.69
218,Mario Quest 81,XOne,2006,Sports,Capcom,1.31,0.24,0.1,0.03,1.68
219,Mario Duty 5,Wii,1992,Misc,Sony Computer Entertainment,0.8,0.51,0.31,0.06,1.68
220,Final Adventure 114,XB,1982,Misc,Bandai Namco Entertainment,1.03,0.57,0.05,0.02,1.67
221,Super Kart 250,PS2,1996,Sports,Bandai Namco Entertainment,0.24,0.82,0.58,0.03,1.67
222,The Legend of Duty 311,PS,2006,Platform,Nintendo,0.84,0.07,0.33,0.43,1.67
223,Final Combat 63,PC,1991,Racing,Bandai Namco Entertainment,0.93,0.25,0.39,0.1,1.67
224,The Legend of Fantasy 408,NES,1980,Action,Sega,1.02,0.46,0.02,0.16,1.66
225,Call of Warfare 230,3DS,2005,Racing,Bandai Namco Entertainment,0.91,0.22,0.52,0.01,1.66
226,Call of Fantasy 456,PS2,2011,Shooter,Take-Two Interactive,0.72,0.42,0.48,0.03,1.65
227,Final Adventure 484,PS,1982,Role-Playing,Ubisoft,1.31,0.23,0.07,0.04,1.65
228,Grand Duty 53,NES,1983,Role-Playing,Activision,0.72,0.82,0.09,0.02,1.65
229,Call of Warfare 76,PS3,2013,Misc,Ubisoft,0.47,1.0,0.1,0.08,1.65
230,Call of Combat 442,X360,2008,Sports,Nintendo,0.11,1.39,0.01,0.13,1.64
231,World of Duty 255,PS4,2014,Action,Bandai Namco Entertainment,1.15,0.1,0.36,0.02,1.63
232,The Legend of Quest 176,X360,1997,Racing,Bandai Namco Entertainment,0.34,1.12,0.15,0.02,1.63
233,Mario Combat 415,XOne,2009,Fighting,Sega,0.06,1.32,0.04,0.21,1.63
234,Call of Legacy 6,X360,2007,Platform,Capcom,0.24,1.01,0.02,0.33,1.6
235,The Legend of Quest 122,PS3,2007,Fighting,Bandai Namco Entertainment,0.77,0.33,0.38,0.1,1.58
236,World of Quest 322,PS3,2015,Racing,Electronic Arts,0.79,0.33,0.22,0.23,1.57
237,Mario Duty 33,PS,2000,Action,Sega,0.59,0.58,0.31,0.09,1.57
238,World of Kart 82,PS4,2013,Sports,Bandai Namco Entertainment,0.86,0.25,0.43,0.02,1.56
239,Final Adventure 332,PS,2006,Fighting,Sega,0.45,0.81,0.25,0.05,1.56
240,Grand Quest 64,XOne,1980,Action,Take-Two Interactive,0.46,0.59,0.21,0.3,1.56
241,World of Quest 29,XB,2012,Fighting,Sega,0.15,1.02,0.27,0.12,1.56
242,The Legend of Duty 283,3DS,2004,Racing,Nintendo,0.92,0.51,0.1,0.02,1.55
243,Halo Combat 229,NES,1980,Shooter,Nintendo,0.96,0.15,0.37,0.07,1.55
244,Super Duty 256,XOne,2009,Platform,Sony Computer Entertainment,0.62,0.59,0.22,0.11,1.54
245,Halo Fantasy 328,3DS,2008,Racing,Take-Two Interactive,0.53,0.12,0.72,0.17,1.54
246,Mario Adventure 26,PS4,2001,Platform,Sega,0.73,0.57,0.17,0.06,1.53
247,Mario Duty 356,Wii,2016,Role-Playing,Take-Two Interactive,0.55,0.92,0.02,0.04,1.53
248,Final Fantasy 440,PS3,2011,Fighting,Sega,0.8,0.39,0.2,0.13,1.52
249,Super Adventure 247,Wii,1980,Sports,Sega,0.77,0.24,0.35,0.16,1.52
250,The Legend of Combat 218,PS2,1987,Role-Playing,Electronic Arts,0.34,0.92,0.23,0.02,1.51
251,Super Duty 375,PS4,1988,Role-Playing,Take-Two Interactive,0.81,0.04,0.03,0.6,1.48
252,Grand Warfare 368,NES,2000,Role-Playing,Take-Two Interactive,0.11,0.67,0.1,0.6,1.48
253,World of Warfare 10,Wii,1985,Role-Playing,Nintendo,0.6,0.55,0.28,0.05,1.48
254,Call of Warfare 196,PS3,2009,Shooter,Take-Two Interactive,0.11,0.66,0.64,0.06,1.47
255,World of Duty 493,PS2,2014,Misc,Nintendo,0.03,1.09,0.15,0.2,1.47
256,Final Legacy 91,PS3,1989,Misc,Nintendo,0.98,0.11,0.23,0.15,1.47
257,Final Kart 451,XB,2012,Platform,Take-Two Interactive,0.23,0.66,0.34,0.23,1.46
258,Final Kart 397,PS3,2001,Shooter,Nintendo,0.23,0.12,0.71,0.39,1.45
259,The Legend of Warfare 281,3DS,1983,Fighting,Bandai Namco Entertainment,0.54,0.29,0.4,0.22,1.45
260,Super Adventure 343,XB,1987,Role-Playing,Nintendo,0.4,0.67,0.27,0.11,1.45
261,Final Combat 436,XOne,2013,Role-Playing,Bandai Namco Entertainment,0.72,0.65,0.05,0.03,1.45
262,Grand Warfare 454,X360,2013,Action,Nintendo,0.58,0.36,0.47,0.03,1.44
263,Super Warfare 463,PS3,2000,Fighting,Nintendo,1.19,0.0,0.14,0.11,1.44
264,Grand Duty 439,XOne,2007,Sports,Take-Two Interactive,0.78,0.1,0.1,0.45,1.43
265,Mario Warfare 220,PS2,1984,Role-Playing,Capcom,0.67,0.49,0.11,0.15,1.42
266,Mario Adventure 435,DS,1998,Misc,Sega,0.26,0.92,0.23,0.01,1.42
267,Mario Quest 253,PS,1994,Sports,Sega,1.21,0.04,0.1,0.07,1.42
268,World of Kart 46,XOne,1998,Sports,Take-Two Interactive,0.52,0.76,0.01,0.12,1.41
269,Halo Kart 112,PS3,1982,Role-Playing,Capcom,0.95,0.06,0.13,0.27,1.41
270,The Legend of Fantasy 471,DS,2002,Racing,Bandai Namco Entertainment,0.33,0.4,0.66,0.02,1.41
271,The Legend of Kart 141,PC,1980,Platform,Capcom,0.44,0.86,0.02,0.08,1.4
272,Mario Adventure 371,XOne,2002,Misc,Bandai Namco Entertainment,1.29,0.02,0.0,0.09,1.4
273,Grand Legacy 62,PS,1982,Racing,Electronic Arts,0.55,0.23,0.03,0.59,1.4
274,Final Combat 252,PC,1990,Action,Activision,0.62,0.18,0.54,0.05,1.39
275,The Legend of Legacy 157,PS4,2002,Action,Ubisoft,1.23,0.13,0.01,0.02,1.39
276,Halo Adventure 163,X360,2007,Action,Bandai Namco Entertainment,0.76,0.59,0.03,0.01,1.39
277,Super Legacy 380,X360,2004,Shooter,Nintendo,0.62,0.18,0.1,0.48,1.38
278,Halo Fantasy 475,XOne,2015,Sports,Bandai Namco Entertainment,0.77,0.22,0.31,0.08,1.38
279,Halo Quest 291,NES,2012,Fighting,Bandai Namco Entertainment,0.95,0.03,0.39,0.0,1.37
280,World of Fantasy 61,PS,2013,Platform,Sega,1.04,0.2,0.04,0.09,1.37
281,Halo Kart 334,X360,2015,Action,Capcom,0.54,0.33,0.17,0.33,1.37
282,Call of Legacy 185,NES,2013,Fighting,Capcom,0.95,0.13,0.1,0.18,1.36
283,Mario Warfare 310,DS,2016,Fighting,Sony Computer Entertainment,0.03,0.28,0.57,0.47,1.35
284,World of Quest 71,PS2,2016,Fighting,Capcom,0.36,0.46,0.42,0.11,1.35
285,Grand Adventure 47,DS,1996,Role-Playing,Electronic Arts,0.87,0.42,0.01,0.04,1.34
286,Halo Fantasy 469,PS2,1986,Fighting,Sony Computer Entertainment,0.15,0.8,0.17,0.22,1.34
287,World of Legacy 110,Wii,1983,Sports,Take-Two Interactive,0.1,0.16,1.07,0.0,1.33
288,Grand Duty 265,DS,2014,Platform,Bandai Namco Entertainment,0.29,0.47,0.47,0.1,1.33
289,Mario Legacy 446,PS4,2003,Sports,Bandai Namco Entertainment,0.22,0.65,0.39,0.07,1.33
290,World of Adventure 259,PS4,1993,Racing,Activision,0.8,0.51,0.01,0.0,1.32
291,The Legend of Fantasy 192,PS3,1985,Shooter,Sega,0.69,0.55,0.05,0.02,1.31
292,Super Legacy 462,DS,2016,Sports,Electronic Arts,0.31,0.31,0.26,0.42,1.3
293,Final Duty 457,X360,2003,Sports,Capcom,0.14,0.58,0.52,0.06,1.3
294,World of Adventure 191,3DS,1985,Role-Playing,Capcom,0.72,0.2,0.32,0.06,1.3
295,Call of Quest 366,3DS,1980,Misc,Take-Two Interactive,0.07,0.37,0.07,0.79,1.3
296,Final Kart 347,3DS,2005,Platform,Nintendo,0.95,0.31,0.03,0.01,1.3
297,World of Fantasy 246,3DS,1999,Fighting,Bandai Namco Entertainment,0.27,0.85,0.12,0.06,1.3
298,Final Quest 16,3DS,2009,Action,Sony Computer Entertainment,0.69,0.56,0.02,0.03,1.3
299,World of Adventure 57,PS4,2007,Platform,Capcom,0.33,0.85,0.06,0.05,1.29
300,Super Warfare 128,PS,1991,Shooter,Electronic Arts,0.6,0.46,0.2,0.02,1.28
301,Call of Duty 172,DS,2004,Shooter,Take-Two Interactive,0.16,0.43,0.47,0.22,1.28
302,Super Adventure 336,NES,2005,Sports,Bandai Namco Entertainment,0.7,0.4,0.17,0.01,1.28
303,The Legend of Kart 448,PS,1987,Shooter,Ubisoft,0.16,0.12,0.56,0.44,1.28
304,Grand Legacy 480,Wii,1984,Role-Playing,Sony Computer Entertainment,1.07,0.02,0.11,0.08,1.28
305,Final Quest 132,3DS,2005,Fighting,Nintendo,0.35,0.12,0.33,0.47,1.27
306,Call of Duty 414,XOne,2011,Action,Capcom,0.91,0.21,0.14,0.01,1.27
307,Super Combat 309,PS3,2012,Misc,Bandai Namco Entertainment,0.19,0.37,0.7,0.01,1.27
308,Final Duty 78,DS,1997,Fighting,Bandai Namco Entertainment,0.62,0.33,0.09,0.22,1.26
309,Call of Adventure 152,3DS,1981,Sports,Nintendo,0.45,0.05,0.61,0.15,1.26
310,Mario Fantasy 68,DS,1996,Fighting,Sega,0.95,0.23,0.05,0.03,1.26
311,Halo Fantasy 344,NES,2002,Role-Playing,Bandai Namco Entertainment,0.52,0.32,0.36,0.04,1.24
312,World of Adventure 210,3DS,1990,Racing,Sega,0.2,0.79,0.22,0.03,1.24
313,Super Kart 214,PC,2009,Racing,Take-Two Interactive,0.55,0.08,0.39,0.21,1.23
314,The Legend of Fantasy 369,PS4,2005,Racing,Nintendo,0.67,0.36,0.07,0.13,1.23
315,Grand Combat 284,DS,1997,Shooter,Sony Computer Entertainment,0.47,0.12,0.59,0.05,1.23
316,Halo Adventure 119,PS3,2000,Role-Playing,Ubisoft,0.31,0.42,0.22,0.28,1.23
317,Final Fantasy 353,PC,2015,Platform,Nintendo,0.22,0.58,0.41,0.01,1.22
318,Super Duty 147,PS2,2005,Action,Bandai Namco Entertainment,0.28,0.44,0.42,0.08,1.22
319,Mario Kart 40,PS2,1982,Platform,Sony Computer Entertainment,0.39,0.54,0.15,0.13,1.21
320,Halo Fantasy 105,PS4,2010,Role-Playing,Activision,0.31,0.81,0.09,0.0,1.21
321,Grand Warfare 361,XB,2008,Role-Playing,Take-Two Interactive,0.32,0.54,0.05,0.29,1.2
322,Final Duty 270,PS2,1990,Fighting,Sony Computer Entertainment,0.78,0.08,0.25,0.09,1.2
323,The Legend of Duty 488,DS,1984,Role-Playing,Nintendo,0.09,1.05,0.05,0.0,1.19
324,World of Fantasy 443,NES,1987,Racing,Sony Computer Entertainment,1.01,0.02,0.04,0.11,1.18
325,World of Kart 413,NES,1998,Role-Playing,Sega,0.18,0.07,0.18,0.75,1.18
326,Super Kart 499,XB,2002,Shooter,Bandai Namco Entertainment,0.03,0.48,0.42,0.25,1.18
327,The Legend of Combat 339,PC,1999,Misc,Take-Two Interactive,0.3,0.05,0.67,0.15,1.17
328,Super Quest 166,Wii,2001,Misc,Capcom,0.21,0.63,0.14,0.19,1.17
329,Halo Adventure 227,PS,1999,Sports,Sony Computer Entertainment,0.99,0.02,0.12,0.04,1.17
330,Call of Quest 159,XOne,2014,Sports,Nintendo,0.43,0.45,0.19,0.1,1.17
331,Halo Kart 54,NES,1980,Role-Playing,Capcom,0.04,0.72,0.17,0.23,1.16
332,The Legend of Adventure 205,XOne,2010,Sports,Sega,0.37,0.05,0.64,0.1,1.16
333,Super Duty 287,PC,2011,Role-Playing,Nintendo,0.44,0.08,0.42,0.22,1.16
334,The Legend of Combat 491,PS,1988,Fighting,Electronic Arts,0.61,0.3,0.21,0.04,1.16
335,Mario Duty 345,PS2,2005,Fighting,Take-Two Interactive,0.73,0.24,0.08,0.1,1.15
336,Call of Kart 27,NES,2006,Platform,Sega,0.73,0.34,0.03,0.05,1.15
337,Super Combat 389,DS,1996,Role-Playing,Sony Computer Entertainment,0.63,0.15,0.2,0.16,1.14
338,The Legend of Combat 460,PS,1995,Role-Playing,Capcom,0.24,0.72,0.17,0.01,1.14
339,World of Fantasy 376,PC,1988,Platform,Take-Two Interactive,0.98,0.01,0.12,0.03,1.14
340,Call of Duty 453,XB,1987,Platform,Take-Two Interactive,0.47,0.45,0.11,0.1,1.13
341,Super Combat 145,3DS,2001,Shooter,Ubisoft,0.35,0.49,0.05,0.24,1.13
342,Call of Combat 120,PS2,1984,Shooter,Sony Computer Entertainment,0.79,0.15,0.04,0.14,1.12
343,Super Duty 37,PS,1984,Fighting,Sony Computer Entertainment,0.07,0.25,0.04,0.76,1.12
344,Final Combat 301,PS,1987,Fighting,Ubisoft,0.44,0.59,0.0,0.08,1.11
345,Mario Adventure 288,PS,2012,Action,Sony Computer Entertainment,0.48,0.03,0.49,0.11,1.11
346,Final Duty 306,Wii,2006,Role-Playing,Activision,0.42,0.48,0.11,0.1,1.11
347,Super Warfare 400,PS,2000,Role-Playing,Take-Two Interactive,0.2,0.75,0.11,0.04,1.1
348,Final Legacy 473,3DS,1998,Fighting,Sega,0.45,0.48,0.05,0.12,1.1
349,Super Adventure 59,XB,1987,Role-Playing,Capcom,0.09,0.39,0.18,0.43,1.09
350,Grand Duty 340,PC,1990,Fighting,Sega,0.49,0.33,0.18,0.09,1.09
351,Super Warfare 146,PS,1993,Sports,Nintendo,0.27,0.3,0.12,0.4,1.09
352,The Legend of Adventure 302,NES,1994,Platform,Activision,0.81,0.03,0.19,0.05,1.08
353,Final Legacy 461,3DS,1983,Fighting,Nintendo,0.86,0.09,0.12,0.01,1.08
354,Call of Combat 238,DS,1985,Platform,Electronic Arts,0.11,0.36,0.29,0.32,1.08
355,The Legend of Fantasy 109,PS2,1983,Role-Playing,Take-Two Interactive,0.21,0.63,0.19,0.05,1.08
356,Grand Fantasy 231,PS4,1993,Platform,Sony Computer Entertainment,0.77,0.05,0.03,0.22,1.07
357,Call of Kart 87,NES,1996,Shooter,Sony Computer Entertainment,0.2,0.84,0.01,0.01,1.06
358,Halo Fantasy 11,PS,1997,Misc,Activision,0.15,0.08,0.34,0.49,1.06
359,Mario Adventure 123,PS3,2001,Action,Ubisoft,0.21,0.82,0.02,0.01,1.06
360,Grand Fantasy 153,PS2,2005,Platform,Capcom,0.39,0.01,0.08,0.58,1.06
361,Super Combat 177,DS,2015,Shooter,Nintendo,0.05,0.11,0.74,0.15,1.05
362,The Legend of Combat 72,PS,2000,Fighting,Nintendo,0.08,0.55,0.32,0.1,1.05
363,Mario Kart 342,X360,1985,Shooter,Nintendo,0.06,0.2,0.3,0.48,1.04
364,Mario Legacy 183,DS,1985,Racing,Sega,0.4,0.04,0.58,0.01,1.03
365,Mario Combat 326,XOne,1987,Platform,Capcom,0.77,0.07,0.04,0.15,1.03
366,Halo Adventure 337,XOne,2006,Fighting,Nintendo,0.25,0.3,0.45,0.02,1.02
367,Halo Combat 204,3DS,2003,Shooter,Activision,0.42,0.38,0.05,0.17,1.02
368,Super Kart 418,DS,2009,Action,Bandai Namco Entertainment,0.5,0.28,0.02,0.21,1.01
369,Halo Warfare 212,X360,1994,Action,Capcom,0.06,0.13,0.66,0.16,1.01
370,Final Warfare 169,NES,1996,Fighting,Bandai Namco Entertainment,0.75,0.07,0.07,0.12,1.01
371,Grand Kart 497,PS2,1989,Sports,Ubisoft,0.3,0.59,0.05,0.06,1.0
372,Mario Adventure 85,PS3,1994,Platform,Capcom,0.23,0.47,0.02,0.28,1.0
373,The Legend of Kart 39,Wii,1984,Action,Take-Two Interactive,0.23,0.06,0.55,0.15,0.99
374,Grand Quest 393,XOne,1985,Shooter,Sega,0.6,0.18,0.1,0.1,0.98
375,Super Legacy 422,XOne,1980,Racing,Electronic Arts,0.44,0.14,0.33,0.07,0.98
376,Halo Kart 116,XOne,2008,Fighting,Activision,0.3,0.37,0.09,0.22,0.98
377,Call of Warfare 364,PS2,1990,Fighting,Sega,0.35,0.48,0.12,0.03,0.98
378,Final Fantasy 423,PS,1993,Racing,Ubisoft,0.34,0.06,0.34,0.23,0.97
379,Final Adventure 289,3DS,2002,Racing,Take-Two Interactive,0.14,0.76,0.01,0.06,0.97
380,Super Quest 195,NES,1990,Sports,Electronic Arts,0.25,0.41,0.03,0.28,0.97
381,Call of Kart 171,Wii,1999,Sports,Bandai Namco Entertainment,0.21,0.64,0.1,0.02,0.97
382,The Legend of Kart 170,NES,1992,Shooter,Sony Computer Entertainment,0.58,0.05,0.22,0.11,0.96
383,Call of Kart 417,PS4,2008,Sports,Capcom,0.24,0.23,0.42,0.07,0.96
384,Super Warfare 409,XB,2011,Action,Sega,0.21,0.44,0.28,0.02,0.95
385,Super Combat 367,DS,2016,Fighting,Ubisoft,0.4,0.08,0.28,0.19,0.95
386,Call of Quest 208,X360,1999,Misc,Activision,0.55,0.21,0.0,0.18,0.94
387,Halo Fantasy 18,NES,2012,Racing,Take-Two Interactive,0.65,0.05,0.12,0.12,0.94
388,Grand Warfare 438,PC,2002,Misc,Sony Computer Entertainment,0.19,0.53,0.16,0.05,0.93
389,The Legend of Duty 162,PS3,2016,Shooter,Sony Computer Entertainment,0.5,0.07,0.21,0.15,0.93
390,The Legend of Kart 23,NES,2000,Platform,Activision,0.12,0.59,0.17,0.05,0.93
391,Grand Adventure 346,Wii,1991,Platform,Ubisoft,0.28,0.25,0.22,0.17,0.92
392,World of Legacy 269,DS,1987,Shooter,Electronic Arts,0.34,0.25,0.33,0.0,0.92
393,Grand Warfare 379,PS3,2014,Sports,Sony Computer Entertainment,0.04,0.22,0.22,0.43,0.91
394,Halo Legacy 482,3DS,1990,Fighting,Activision,0.51,0.11,0.28,0.01,0.91
395,Call of Duty 264,NES,2014,Misc,Activision,0.06,0.33,0.44,0.08,0.91
396,Halo Duty 470,NES,2012,Shooter,Capcom,0.59,0.11,0.05,0.16,0.91
397,The Legend of Quest 34,NES,1985,Racing,Capcom,0.04,0.56,0.16,0.15,0.91
398,The Legend of Quest 479,PC,1980,Racing,Activision,0.03,0.72,0.16,0.0,0.91
399,Call of Legacy 164,Wii,1989,Fighting,Sony Computer Entertainment,0.15,0.26,0.32,0.17,0.9
400,Halo Kart 403,PC,1999,Platform,Sega,0.16,0.02,0.52,0.2,0.9
401,Super Combat 278,NES,1998,Misc,Electronic Arts,0.02,0.28,0.04,0.56,0.9
402,Final Combat 236,PS,1982,Shooter,Sega,0.02,0.3,0.41,0.16,0.89
403,Super Kart 357,PS4,1987,Role-Playing,Nintendo,0.77,0.02,0.09,0.01,0.89
404,Final Legacy 299,XOne,1982,Misc,Sony Computer Entertainment,0.45,0.18,0.03,0.23,0.89
405,Mario Warfare 303,XB,2008,Shooter,Take-Two Interactive,0.41,0.36,0.11,0.01,0.89
406,Super Quest 69,PS4,2002,Fighting,Nintendo,0.25,0.13,0.28,0.22,0.88
407,Super Warfare 77,Wii,2013,Action,Electronic Arts,0.16,0.37,0.09,0.26,0.88
408,Grand Warfare 143,X360,2014,Misc,Sega,0.22,0.55,0.07,0.04,0.88
409,The Legend of Combat 134,3DS,1988,Sports,Sony Computer Entertainment,0.41,0.26,0.16,0.05,0.88
410,Grand Kart 148,NES,2007,Role-Playing,Capcom,0.21,0.09,0.22,0.35,0.87
411,Final Duty 209,PS4,2007,Shooter,Electronic Arts,0.07,0.55,0.25,0.0,0.87
412,Super Quest 124,PS2,2000,Action,Sony Computer Entertainment,0.02,0.4,0.37,0.08,0.87
413,Super Kart 276,3DS,2016,Fighting,Take-Two Interactive,0.11,0.4,0.14,0.22,0.87
414,Call of Duty 373,X360,1994,Platform,Ubisoft,0.15,0.63,0.07,0.01,0.86
415,Super Kart 387,XB,2013,Action,Activision,0.07,0.54,0.21,0.04,0.86
416,Mario Quest 70,PS4,1994,Shooter,Capcom,0.71,0.04,0.04,0.07,0.86
417,Halo Fantasy 50,PS,1988,Misc,Take-Two Interactive,0.19,0.26,0.22,0.19,0.86
418,Mario Adventure 455,PC,2014,Racing,Sony Computer Entertainment,0.36,0.18,0.18,0.13,0.85
419,The Legend of Legacy 233,PC,1990,Sports,Activision,0.14,0.4,0.05,0.26,0.85
420,Mario Legacy 285,PS3,1987,Shooter,Take-Two Interactive,0.26,0.48,0.1,0.0,0.84
421,The Legend of Kart 494,PS3,2001,Action,Activision,0.1,0.45,0.01,0.28,0.84
422,The Legend of Duty 330,PS3,1991,Misc,Capcom,0.11,0.14,0.53,0.06,0.84
423,Halo Legacy 149,PS3,2002,Platform,Electronic Arts,0.03,0.67,0.07,0.06,0.83
424,Grand Combat 12,3DS,1984,Shooter,Electronic Arts,0.25,0.02,0.49,0.07,0.83
425,Grand Combat 495,X360,2003,Role-Playing,Electronic Arts,0.48,0.25,0.01,0.08,0.82
426,Call of Warfare 7,XB,2008,Platform,Ubisoft,0.12,0.3,0.26,0.14,0.82
427,Halo Warfare 308,PS2,2008,Misc,Electronic Arts,0.21,0.49,0.01,0.1,0.81
428,Super Fantasy 93,PS,1989,Fighting,Take-Two Interactive,0.16,0.52,0.13,0.0,0.81
429,Mario Duty 271,3DS,2016,Racing,Capcom,0.04,0.23,0.04,0.5,0.81
430,Call of Warfare 111,X360,2004,Sports,Sega,0.06,0.27,0.28,0.2,0.81
431,Final Adventure 314,XOne,2001,Role-Playing,Ubisoft,0.51,0.11,0.06,0.12,0.8
432,World of Adventure 490,DS,2009,Misc,Bandai Namco Entertainment,0.05,0.23,0.01,0.51,0.8
433,Mario Quest 102,3DS,1990,Racing,Take-Two Interactive,0.51,0.15,0.09,0.05,0.8
434,Super Kart 188,PS,2012,Action,Ubisoft,0.2,0.53,0.07,0.0,0.8
435,Halo Legacy 293,PS2,1996,Fighting,Sega,0.07,0.03,0.53,0.16,0.79
436,Final Adventure 434,XB,1989,Action,Electronic Arts,0.44,0.31,0.02,0.01,0.78
437,Super Duty 140,NES,2015,Fighting,Electronic Arts,0.43,0.16,0.18,0.01,0.78
438,The Legend of Kart 65,PS,1984,Fighting,Bandai Namco Entertainment,0.23,0.25,0.17,0.13,0.78
439,Call of Combat 206,XOne,1985,Role-Playing,Nintendo,0.24,0.3,0.17,0.07,0.78
440,The Legend of Fantasy 498,PS,2009,Platform,Take-Two Interactive,0.57,0.0,0.01,0.19,0.77
441,World of Kart 360,3DS,1988,Platform,Sega,0.01,0.51,0.01,0.24,0.77
442,Super Warfare 487,PS3,1999,Fighting,Capcom,0.18,0.18,0.35,0.04,0.75
443,Call of Warfare 74,3DS,1981,Racing,Sega,0.12,0.31,0.02,0.3,0.75
444,Call of Warfare 406,DS,2007,Role-Playing,Activision,0.55,0.17,0.02,0.0,0.74
445,Super Duty 182,PS2,2016,Role-Playing,Nintendo,0.15,0.37,0.11,0.11,0.74
446,Final Quest 324,X360,1994,Sports,Sega,0.03,0.15,0.53,0.02,0.73
447,World of Legacy 395,PS4,2012,Misc,Capcom,0.07,0.49,0.16,0.0,0.72
448,Final Kart 365,X360,2002,Role-Playing,Activision,0.03,0.03,0.2,0.45,0.71
449,Final Kart 477,PS3,1997,Fighting,Bandai Namco Entertainment,0.15,0.4,0.12,0.02,0.69
450,The Legend of Quest 189,PC,2001,Fighting,Ubisoft,0.2,0.38,0.06,0.04,0.68
451,Halo Quest 44,X360,1989,Action,Sega,0.28,0.26,0.13,0.01,0.68
452,The Legend of Adventure 35,PS3,2007,Sports,Nintendo,0.15,0.12,0.3,0.1,0.67
453,Call of Combat 158,X360,1997,Misc,Capcom,0.07,0.25,0.02,0.33,0.67
454,Call of Legacy 173,DS,1983,Platform,Nintendo,0.2,0.16,0.26,0.05,0.67
455,World of Warfare 254,PS,2003,Fighting,Take-Two Interactive,0.09,0.26,0.31,0.01,0.67
456,Grand Duty 113,NES,2011,Shooter,Sega,0.33,0.1,0.04,0.2,0.67
457,Final Combat 42,XOne,2016,Racing,Take-Two Interactive,0.35,0.02,0.27,0.03,0.67
458,World of Adventure 280,PS4,2005,Misc,Ubisoft,0.31,0.35,0.01,0.0,0.67
459,World of Combat 355,DS,1984,Misc,Nintendo,0.12,0.15,0.3,0.09,0.66
460,The Legend of Kart 298,XB,1985,Platform,Capcom,0.13,0.06,0.23,0.23,0.65
461,Super Combat 352,3DS,1991,Sports,Nintendo,0.09,0.19,0.28,0.09,0.65
462,Grand Duty 424,PS,1981,Shooter,Ubisoft,0.37,0.11,0.13,0.04,0.65
463,Super Legacy 398,PS4,2005,Fighting,Activision,0.14,0.06,0.38,0.04,0.62
464,Mario Duty 426,NES,2009,Action,Electronic Arts,0.03,0.52,0.0,0.07,0.62
465,Final Kart 464,DS,1993,Role-Playing,Bandai Namco Entertainment,0.11,0.14,0.28,0.08,0.61
466,Call of Kart 174,PS,1989,Platform,Activision,0.17,0.04,0.3,0.1,0.61
467,Super Fantasy 245,XB,1981,Racing,Take-Two Interactive,0.01,0.06,0.34,0.2,0.61
468,The Legend of Quest 385,X360,1997,Sports,Activision,0.33,0.1,0.04,0.1,0.57
469,World of Warfare 500,XOne,2011,Action,Sony Computer Entertainment,0.13,0.22,0.18,0.03,0.56
470,Halo Quest 126,Wii,1980,Misc,Take-Two Interactive,0.02,0.5,0.03,0.01,0.56
471,World of Quest 468,PS4,1989,Platform,Ubisoft,0.06,0.26,0.05,0.18,0.55
472,Call of Combat 3,PS4,2012,Shooter,Sega,0.25,0.0,0.27,0.02,0.54
473,World of Kart 15,DS,1989,Platform,Electronic Arts,0.1,0.11,0.21,0.12,0.54
474,World of Legacy 261,PS,1988,Platform,Ubisoft,0.09,0.07,0.32,0.06,0.54
475,Super Kart 316,PS2,1989,Role-Playing,Capcom,0.16,0.27,0.08,0.01,0.52
476,Halo Combat 396,PS3,2008,Racing,Electronic Arts,0.05,0.24,0.16,0.07,0.52
477,Super Combat 221,X360,1985,Racing,Ubisoft,0.25,0.05,0.19,0.01,0.5
478,Mario Warfare 329,Wii,1983,Racing,Bandai Namco Entertainment,0.1,0.01,0.33,0.05,0.49
479,World of Kart 203,DS,2015,Shooter,Activision,0.07,0.11,0.3,0.01,0.49
480,Super Quest 467,PS3,1986,Fighting,Activision,0.22,0.05,0.14,0.06,0.47
481,Final Legacy 107,PC,1995,Racing,Take-Two Interactive,0.03,0.19,0.07,0.17,0.46
482,Mario Duty 51,PS2,1980,Racing,Sega,0.03,0.2,0.11,0.11,0.45
483,Super Fantasy 115,Wii,2006,Role-Playing,Take-Two Interactive,0.05,0.1,0.08,0.21,0.44
484,Super Combat 296,XOne,1993,Sports,Take-Two Interactive,0.26,0.14,0.04,0.0,0.44
485,The Legend of Quest 445,XOne,1982,Role-Playing,Nintendo,0.16,0.07,0.13,0.05,0.41
486,Final Legacy 335,3DS,2015,Fighting,Sony Computer Entertainment,0.05,0.06,0.11,0.18,0.4
487,World of Fantasy 341,PS,1989,Role-Playing,Ubisoft,0.01,0.08,0.28,0.02,0.39
488,World of Adventure 279,PC,1993,Platform,Activision,0.02,0.19,0.16,0.02,0.39
489,Call of Warfare 478,X360,1981,Racing,Bandai Namco Entertainment,0.15,0.0,0.02,0.22,0.39
490,Final Combat 474,XOne,1998,Sports,Bandai Namco Entertainment,0.23,0.1,0.01,0.05,0.39
491,Grand Combat 22,X360,1990,Role-Playing,Sony Computer Entertainment,0.01,0.1,0.22,0.05,0.38
492,Final Fantasy 416,XB,2008,Misc,Activision,0.02,0.13,0.16,0.07,0.38
493,Super Quest 267,X360,2001,Fighting,Electronic Arts,0.06,0.1,0.09,0.11,0.36
494,Grand Fantasy 372,3DS,1980,Sports,Electronic Arts,0.18,0.04,0.0,0.14,0.36
495,The Legend of Adventure 13,XOne,2004,Action,Electronic Arts,0.01,0.18,0.09,0.07,0.35
496,Call of Legacy 374,Wii,2000,Misc,Sony Computer Entertainment,0.09,0.04,0.01,0.15,0.29
497,Super Fantasy 144,Wii,1994,Fighting,Capcom,0.09,0.05,0.09,0.05,0.28
498,World of Fantasy 60,PS3,2005,Role-Playing,Ubisoft,0.06,0.0,0.2,0.02,0.28
499,World of Fantasy 323,DS,2003,Misc,Nintendo,0.11,0.01,0.02,0.13,0.27
500,Super Warfare 90,Wii,1983,Racing,Nintendo,0.03,0.01,0.04,0.11,0.19
